RegionID,City,State,Zip Code,Latitude,Longitude
17426,Chicago,Illinois,60601,41.84393511914893,-87.78635165265958
18959,Las Vegas,Nevada,89101,36.16714483982684,-115.13964383593073
38128,Dallas,Texas,75201,32.78546690563107,-96.79829482601941
10920,Columbus,Ohio,43085,40.09538501587436,-83.0375997279287
12455,Louisville,Kentucky,40202,38.25122790183851,-85.7494003126708
13121,Orlando,Florida,32801,28.54301509869281,-81.3764156993464
11093,Denver,Colorado,80202,39.750888708885945,-104.99662415053051
41568,Washington,District of Columbia,20001,38.915410882917115,-77.01782625863444
13373,Portland,Oregon,97201,45.508517232669156,-122.69277027160646
6118,Nashville,Tennessee,37201,36.16435977416667,-86.7747828575
40152,Omaha,Nebraska,68102,41.26104168238994,-95.93493489979036
33225,Oklahoma City,Oklahoma,73102,35.45273474888179,-97.5166614683706
54047,Raleigh,North Carolina,27601,35.77797953110774,-78.6341786013657
4172,Colorado Springs,Colorado,80902,38.756039618181816,-104.80601142727272
5983,Minneapolis,Minnesota,55401,44.98215400666667,-93.27164322083334
44055,Baton Rouge,Louisiana,70801,30.449104396969698,-91.18807097272727
16846,Aurora,Colorado,80010,39.739316613863,-104.86490586398516
16764,Anaheim,California,92801,33.844965038846155,-117.95404887612982
25574,Lexington,Kentucky,40502,38.02893302074304,-84.48954228111455
20313,Saint Paul,Minnesota,55101,44.956192922018346,-93.08843420779817
19533,Naples,Florida,34102,26.149374858742334,-81.79774084018405
47945,Tallahassee,Florida,32301,30.4353912097532,-84.25398755890575
11867,Henderson,Nevada,89002,35.99262889736842,-114.93797991842105
20604,Spokane,Washington,99201,47.65973286875,-117.42585902125
53856,Pensacola,Florida,32501,30.42475606793003,-87.22701095714285
52650,Irvine,California,92602,33.73520629887154,-117.76516165849625
30258,Arlington,Virginia,22201,38.88666783910485,-77.09696222933388
7222,Springfield,Missouri,65802,37.21179992181146,-93.30712213373383
14701,Woodbridge,Virginia,22191,38.6360499840719,-77.26663719607023
24821,Gainesville,Florida,32601,29.663318623719675,-82.33866141873315
34937,Yonkers,New York,10701,40.94338618996149,-73.88600446869557
10215,Aurora,Illinois,60502,41.792459945434786,-88.26001470695651
21320,Wilmington,North Carolina,28401,34.23650893110465,-77.94015331831396
25218,Huntington Beach,California,92646,33.66856926811066,-117.9678330563217
38438,Eugene,Oregon,97401,44.071122917257476,-123.07728732964773
33501,Port Saint Lucie,Florida,34952,27.2901662916368,-80.29798881063321
52998,Little Rock,Arkansas,72201,34.74852336721992,-92.28222817676348
31471,Evansville,Indiana,47708,37.9737116168421,-87.57252729157895
20317,Salem,Oregon,97301,44.94868302265518,-123.0066100608021
30381,Beaverton,Oregon,97003,45.50521186959662,-122.8768135830608
11337,Escondido,California,92025,33.10672194133425,-117.06902461540578
4054,Charleston,South Carolina,29401,32.774635878089306,-79.93392671578401
19523,Murfreesboro,Tennessee,37127,35.78582594915254,-86.36304917966102
40492,Rancho Cucamonga,California,91701,34.139275629536684,-117.61161673899615
11529,Fredericksburg,Virginia,22401,38.29651911457521,-77.48338534816835
5424,Killeen,Texas,76541,31.115523829802953,-97.72982801945813
10843,Clarksville,Tennessee,37040,36.549999310159116,-87.34458425416157
182023,Henrico,Virginia,23075,37.54314269950189,-77.32248732239489
5519,Lakewood,Colorado,80722,40.537542,-103.2727589
20008,Pomona,California,91766,34.0408247715164,-117.7521544307377
54626,Sunnyvale,California,94085,37.385973776658474,-122.01611568697788
398300,Lansing,Michigan,48906,42.76324975542169,-84.56036662891567
51297,Cary,North Carolina,27511,35.76245975530809,-78.77754032828507
10918,Columbia,Missouri,65201,38.934745344148936,-92.29960936755319
12694,Mesquite,Texas,75149,32.77093535770521,-96.61064729519123
54722,Torrance,California,90501,33.81811327792,-118.31712560852
51447,Clearwater,Florida,33755,27.977325140080428,-82.77967600951743
24174,Compton,California,90220,33.88531714819277,-118.23853336230636
45888,Inglewood,California,90301,33.98111413197279,-118.36949056020407
33230,Olathe,Kansas,66061,38.89700497266993,-94.82848187526278
20793,Thornton,Colorado,80241,39.92053830619469,-104.96124879469026
17321,Carrollton,Texas,75006,32.96485770313901,-96.88982181130045
34278,Thousand Oaks,California,91360,34.199346970414204,-118.87576025147929
13234,Pearland,Texas,77581,29.56082595866365,-95.26390281585503
16726,Allentown,Pennsylvania,18101,40.60425667222222,-75.468228415
6103,Murrieta,California,92562,33.56573232904718,-117.21867661295097
33136,Norman,Oklahoma,73026,35.23056887696078,-97.31800564575163
33024,Nampa,Idaho,83651,43.602843922547585,-116.61337328243046
34781,Westminster,Colorado,80030,39.84277934491525,-105.03225216101696
44655,Clovis,California,93611,36.84012781369863,-119.71008381369863
10181,Arvada,Colorado,80002,39.79573675714286,-105.0867357904762
14208,Tuscaloosa,Alabama,35401,33.197592502168675,-87.56435545967871
51861,El Monte,California,91731,34.075691199272725,-118.04062139672727
34543,Ventura,California,93001,34.28515699537954,-119.28785058333332
39420,Lewisville,Texas,75057,32.99521685555556,-96.96952031388888
14542,West Covina,California,91790,34.06683192007673,-117.93825154066496
17943,Elgin,Illinois,60120,42.037607884764824,-88.26497097719836
11726,Greenville,North Carolina,27834,35.62079400298507,-77.39609792678274
11914,Hillsboro,Oregon,97123,45.49841116302537,-122.93867412829105
45548,Green Bay,Wisconsin,54301,44.48806636300212,-88.01953674926004
54121,Richardson,Texas,75080,32.97084395745554,-96.74263264883722
41629,West Chester,Pennsylvania,19380,39.99046780663037,-75.5935042426805
53636,Norwalk,California,90650,33.90788605897436,-118.08477904260936
4626,Everett,Washington,98201,47.98568609319149,-122.20407297957446
6790,Riverview,Florida,33569,27.85661005183737,-82.31820852423768
41446,Vacaville,California,95687,38.348940324210524,-121.96451240394738
31819,Grand Junction,Colorado,81501,39.077169389318996,-108.54732869986687
13699,San Mateo,California,94401,37.56900204,-122.32508615928572
45339,Franklin,Tennessee,37064,35.90623343204456,-86.86631248944954
32489,Lexington,South Carolina,29072,33.991341763036566,-81.25193823521462
17386,Chapel Hill,North Carolina,27514,35.944262890956196,-79.03816268434286
46508,Meridian,Idaho,83642,43.59021787097784,-116.39083561319944
32452,Lawrence,Kansas,66044,38.96693624646262,-95.23922214931136
11695,Greeley,Colorado,80631,40.41123929318885,-104.69621237585139
39386,League City,Texas,77573,29.497895081881268,-95.10824225289129
12773,Mission Viejo,California,92691,33.615287682026285,-117.66522089929349
32540,Livermore,California,94550,37.675624489130435,-121.75565469110673
53978,Portsmouth,Virginia,23701,36.80956187553928,-76.36788449637805
42150,Hawthorne,California,90250,33.9148376363388,-118.35172366748634
52696,Johnson City,Tennessee,37601,36.33904368024692,-82.3543461466231
50741,Apopka,Florida,32703,28.66311634923729,-81.50531055094281
5891,Medford,Oregon,97501,42.318644853391305,-122.89040577734782
23444,Allen,Texas,75002,33.0984293400949,-96.60748602728351
44641,Cleveland,Tennessee,37311,35.15393622818281,-84.88445684461371
41715,Williamsburg,Virginia,23185,37.25911237525154,-76.70750586861797
39398,Lees Summit,Missouri,64063,38.91242380118343,-94.35709478027613
53569,Newnan,Georgia,30263,33.38451078724083,-84.80362218740032
10700,Canton,Michigan,48187,42.329692552372734,-83.47441437023296
31567,Flagstaff,Arizona,86001,35.19631227638725,-111.65649650599296
44583,Chino,California,91708,33.95818290857143,-117.64804934000001
38581,Fort Pierce,Florida,34945,27.424409106878304,-80.43125957460317
53571,Newport Beach,California,92660,33.63338535173298,-117.87673781930151
41587,Waukegan,Illinois,60085,42.35971388630319,-87.86490661090426
47080,Pflugerville,Texas,78660,30.443377781204752,-97.6090187847337
10451,Bloomington,Minnesota,55796,47.9298627,-91.8000513
32563,Longmont,Colorado,80501,40.17783824484222,-105.09867737941855
24967,Gresham,Oregon,97030,45.50713832760749,-122.43073283758258
7476,Troy,Michigan,48083,42.553998409952605,-83.12095893755925
32311,Kingsport,Tennessee,37660,36.54414302070626,-82.56704494044943
46863,Ogden,Utah,84401,41.21410359253731,-112.00852270373134
54529,Stafford,Virginia,22554,38.44697081410134,-77.41359193317399
51239,Camarillo,California,93010,34.22015410985916,-119.05856873450703
45243,Farmington Hills,Michigan,48331,42.508057083882356,-83.40532937105883
50742,Apple Valley,California,92307,34.511493537313434,-117.25100440298507
6365,Oviedo,Florida,32765,28.651229962655602,-81.21583951701245
12864,Mount Pleasant,South Carolina,29464,32.81307570544164,-79.86489718233439
24245,Covina,California,91722,34.09487110750636,-117.91251518842239
27512,Upland,California,91784,34.13377600883919,-117.6622362402556
24359,Deltona,Florida,32725,28.902969677712004,-81.24553359908387
10723,Carson,California,90745,33.84510881227321,-118.26804079818571
398816,Lancaster Township,Pennsylvania,17601,40.07193426787659,-76.32117349700543
17191,Brooklyn Park,Minnesota,55007,45.964857609090906,-93.15592872424243
32999,Mountain View,California,94040,37.38191713141427,-122.08203839561953
16785,Apex,North Carolina,27502,35.72886406110345,-78.88700780006896
53360,Missouri City,Texas,77459,29.528579063578498,-95.54190947043847
47379,Richmond,Texas,77406,29.655901151271188,-95.74374019279661
13213,Pasco,Washington,99301,46.24009297815733,-119.10441514220183
10727,Casa Grande,Arizona,85122,32.890283775396824,-111.73482793650794
20337,San Ramon,California,94582,37.76342175464481,-121.9197385540073
398360,Town of Poughkeepsie,New York,12601,41.70185824760314,-73.91889574350517
17008,Bethlehem,Pennsylvania,18015,40.59383350745829,-75.3727706174681
10530,Brandon,Mississippi,39042,32.26827868032319,-89.9690447621673
32380,Lake Forest,California,92630,33.6414617158552,-117.6895517134893
26114,New Rochelle,New York,10801,40.91658066962278,-73.7864930155883
13167,Palm Harbor,Florida,34683,28.07941674522673,-82.75994802637231
27195,Southfield,Michigan,48033,42.45773648089887,-83.28245424606742
46604,Mooresville,North Carolina,28115,35.57890284202137,-80.80568455352737
10815,Chino Hills,California,91709,33.980854377356906,-117.72666035058923
36296,Suwanee,Georgia,30024,34.06329711675042,-84.09416351306533
31751,Glen Allen,Virginia,23059,37.685440982365414,-77.55767212688552
24733,Flower Mound,Texas,75022,33.02468213966409,-97.09874699870801
41574,Waterford,Michigan,48327,42.64183487145878,-83.41135194756872
41643,West Lafayette,Indiana,47906,40.457932048808544,-86.92329361881676
10484,Bolingbrook,Illinois,60440,41.70507035168161,-88.07347373721973
8043,Ypsilanti,Michigan,48197,42.2276058283284,-83.64006374275148
13653,Saint Cloud,Florida,34769,28.251171547952218,-81.29941758088738
53788,Palm Beach Gardens,Florida,33410,26.842827947335422,-80.08736814216302
16697,Alameda,California,94501,37.77169007603143,-122.25555860176819
21057,Venice,Florida,34285,27.0963088716,-82.437637775
10889,Cocoa,Florida,32922,28.36490084552058,-80.7412262251816
26374,Palo Alto,California,94301,37.44444858976378,-122.15916795472441
5972,Milton,Florida,32570,30.670130181452144,-87.059047420099
31829,Grants Pass,Oregon,97526,42.45399649924242,-123.3266264121212
5395,Kenner,Louisiana,70062,29.992242206314963,-90.24972096948031
46400,Maple Grove,Minnesota,55311,45.109805441423944,-93.47822026407768
4216,Corvallis,Oregon,97330,44.58193132952434,-123.27798526876626
7403,The Villages,Florida,32162,28.922025635911602,-81.98501302292817
33256,Orland Park,Illinois,60462,41.62172456406685,-87.83513423324048
6923,San Luis Obispo,California,93401,35.258543649625935,-120.65411781950125
26197,North Richland Hills,Texas,76180,32.850664323183764,-97.21790967574786
18029,Ewa Beach,Hawaii,96706,21.327414258,-158.018246522
45251,Fayetteville,Georgia,30214,33.48348029626168,-84.47271933383178
26483,Pico Rivera,California,90660,33.99028631276042,-118.0874479610677
399216,Midland,Michigan,48640,43.62160002763923,-84.25669431953449
32006,Hendersonville,Tennessee,37075,36.312743061508705,-86.60737345396518
32409,Lakeville,Minnesota,55044,44.680279142761584,-93.25085336487265
48210,Valrico,Florida,33594,27.911330207659113,-82.24438749633225
54212,Rosemead,California,91770,34.06108815663866,-118.08363583798321
53253,Medina,Ohio,44256,41.14367632634989,-81.84835911533477
6736,Reston,Virginia,20190,38.96257348989247,-77.34069575060931
30772,Carson City,Nevada,89701,39.14184419946237,-119.75948403387096
25953,Montebello,California,90640,34.00930818957871,-118.13170132694013
6885,Saint Cloud,Minnesota,56301,45.52741486304156,-94.18514842272326
4515,Eden Prairie,Minnesota,55344,44.861789119220056,-93.43310190584958
13693,San Clemente,California,92672,33.428435637111996,-117.61312135227206
10574,Broomfield,Colorado,80020,39.92465132389642,-105.06067832076816
10940,Coon Rapids,Minnesota,56572,46.6219246125,-96.0812859625
10428,Blaine,Minnesota,56011,44.62120178863636,-93.76970009058442
33498,Port Orange,Florida,32127,29.112000267293183,-80.98693700684977
18874,La Habra,California,90631,33.93128900034476,-117.95114236802836
10634,Burnsville,Minnesota,55306,44.73025648467213,-93.2893124017213
32416,Land O Lakes,Florida,34637,28.26537773090909,-82.46554350727273
6021,Monterey Park,California,91754,34.05012710089286,-118.14243258095239
30149,Albany,Oregon,97321,44.6300755874712,-123.11305685743089
7837,West Des Moines,Iowa,50265,41.57349170708365,-93.73593652893744
11604,Gilroy,California,95020,37.01022092021277,-121.57407218328268
25495,Lancaster,Ohio,43130,39.718419184990346,-82.60438516254023
14541,West Chester,Ohio,45069,39.35178701639194,-84.41255701900182
25534,Lebanon,Tennessee,37087,36.258821949684396,-86.28028261938684
37015,Azusa,California,91702,34.127222061671766,-117.90635035749236
45398,Gardena,California,90247,33.888473014285715,-118.29657052593984
21472,Annandale,Virginia,22003,38.831004445619804,-77.21504333192522
20514,Skokie,Illinois,60076,42.04019597940044,-87.73114353250826
4281,Cupertino,California,95014,37.32308453900539,-122.02142808172557
12597,Martinsburg,West Virginia,25401,39.456149405515276,-77.97347877156913
5239,Huntersville,North Carolina,28078,35.40144098211532,-80.82189587429306
6855,Royal Oak,Michigan,48067,42.49015465434842,-83.13682498770604
47526,Saint Peters,Missouri,63376,38.777737750254616,-90.62349641211968
53752,Oshkosh,Wisconsin,54901,44.03110227858117,-88.53956535784447
126356,Tamiami,Florida,33122,25.801498486764704,-80.31969256539792
15894,Wheaton,Illinois,60187,41.86199623832021,-88.11223277349082
38809,Gretna,Louisiana,70053,29.911971596581196,-90.0529644408718
52262,Goshen,Indiana,46526,41.57016829407216,-85.8484276798969
5411,Kettering,Ohio,44276,40.9106076125,-81.838204205
50985,Berwyn,Illinois,60402,41.83806095867818,-87.7877521375707
31125,Crown Point,Indiana,46307,41.435871124773875,-87.36543327512562
6032,Moore,Oklahoma,73852,36.43642859761904,-99.20551651666666
53026,Loganville,Georgia,30052,33.80919432723522,-83.90644542627236
52480,Helena,Montana,59601,46.58969141384083,-112.04308173148789
28066,Zanesville,Ohio,43701,39.949038388401654,-82.0083153995869
30829,Chantilly,Virginia,20151,38.88372269455373,-77.42920574304189
46465,McLean,Virginia,22101,38.92297703656005,-77.16241252525252
32955,Morristown,Tennessee,37813,36.188802122495275,-83.2725926448015
52840,Lagrange,Georgia,30240,33.04022963603473,-85.07827941866859
16554,Euless,Texas,76039,32.85843415780347,-97.08303515375722
20164,Richland,Washington,99352,46.258971191142486,-119.27857386662387
26225,Novi,Michigan,48374,42.46730299298246,-83.50919398270676
11626,Glendora,California,91740,34.11878137490683,-117.8570413731677
38134,Danville,California,94506,37.7938291784127,-121.88719566301586
126392,The Hammocks,Florida,34737,28.715133735146445,-81.81554334602511
25646,Longwood,Florida,32750,28.706388971186442,-81.34720501440678
24349,Delano,California,93215,35.764994789999996,-119.24277038666665
30785,Castro Valley,California,94546,37.70291152079387,-122.09580795065403
397214,Town of Hamburg,New York,14075,42.73537496470311,-78.84018466576933
5371,Kalispell,Montana,59901,48.20132893196347,-114.28681587716895
45602,Hacienda Heights,California,91745,33.99955658086207,-117.96528729982758
25550,Lenexa,Kansas,66215,38.956355765452095,-94.738062014305
44568,Chesterfield,Virginia,23832,37.4064833441638,-77.59980515786691
44918,Desoto,Texas,75115,32.61585468218579,-96.84801236371585
21417,Yucaipa,California,92399,34.03858367568922,-117.06419194110276
38049,Covington,Louisiana,70433,30.46335276547619,-90.10392101883117
31119,Crossville,Tennessee,38555,35.944630541534266,-85.04005463059465
54450,Smyrna,Tennessee,37167,35.96165385709712,-86.52455260352188
17472,Clermont,Florida,34711,28.51733559210276,-81.73729914005709
53590,Normal,Illinois,61761,40.51191114593909,-88.98484862614214
12426,Lombard,Illinois,60148,41.86248319237929,-88.01184165683537
39416,Levittown,Pennsylvania,19054,40.17068938772727,-74.82781912727272
44836,Dacula,Georgia,30019,34.00762133094812,-83.90082838300538
9969,Tinley Park,Illinois,60477,41.57855346427165,-87.80202171417324
10137,Ankeny,Iowa,50021,41.75580122072243,-93.5890949130545
26531,Placentia,California,92870,33.882869621605494,-117.85544049782155
52547,Hollister,California,95023,36.84428266759531,-121.39356964662757
48433,West Monroe,Louisiana,71291,32.52528433928571,-92.17367476729324
12579,Marrero,Louisiana,70072,29.86781101798484,-90.10941572588943
4854,Garner,North Carolina,27529,35.66989569908798,-78.59832191158797
3425,Apple Valley,Minnesota,55329,45.31961501538461,-94.56428613736263
17545,Commerce City,Colorado,80022,39.83512232208122,-104.88697755888325
396491,Kailua,Hawaii,96734,21.393441042465753,-157.74668875479452
7797,Waxahachie,Texas,75165,32.40873814487258,-96.82515602598332
32532,Little Elm,Texas,75068,33.19900215542563,-96.90751161777362
5465,La Mirada,California,90638,33.9039591297186,-118.02459485277967
44833,Cypress,California,90630,33.817916868514985,-118.0389639596217
39894,Mount Juliet,Tennessee,37122,36.18742829320389,-86.49986992446601
10774,Cerritos,California,90703,33.866762469015214,-118.07708107742192
737790,Eastvale,California,95658,38.8790733,-121.1351236
37086,Aliso Viejo,California,92656,33.57875227432223,-117.73064870914021
37799,Cedar Hill,Texas,75104,32.592114235822635,-96.94367164492415
28533,Hoffman Estates,Illinois,60169,42.04477322281553,-88.1019840354369
12157,Kaneohe,Hawaii,96744,21.411905563999998,-157.80307592266666
51751,Dublin,California,94568,37.719209188169934,-121.86072684457517
13587,Roseburg,Oregon,97470,43.21788894056604,-123.34302403396228
10834,Claremore,Oklahoma,74017,36.32892355233463,-95.60809323978599
52905,Lawrence,Indiana,47025,39.14861974747475,-84.8640503580808
13370,Portage,Michigan,49002,42.217693125360825,-85.56820401587629
19055,Littleton,Colorado,80120,39.59161482049481,-105.00636184855547
15128,Kernersville,North Carolina,27284,36.11395099779411,-80.08202401781045
33758,Rowlett,Texas,75088,32.89671352828439,-96.54989697341577
7794,Wauwatosa,Wisconsin,54982,44.06939882693602,-89.27825421784512
51487,Collierville,Tennessee,38017,35.05639070262369,-89.68149684167916
20245,Roseville,Michigan,48066,42.50410372989536,-82.93687992690583
397621,Town Of Ithaca,New York,14850,42.4475393152129,-76.49238615162596
12762,Minnetonka,Minnesota,55345,44.91453484018547,-93.488331974034
4568,Elmhurst,Illinois,60126,41.893963543570536,-87.94605244219726
32048,Hinesville,Georgia,31313,31.828072587673127,-81.61809458795014
55433,Dekalb,Illinois,60115,41.931376914554626,-88.75704423264025
43088,Wylie,Texas,75098,33.021224440664376,-96.56250876838487
45983,Kapolei,Hawaii,96707,21.326387071666666,-158.08438603666664
4622,Evans,Georgia,30809,33.53273463187614,-82.20223418734062
11921,Hilo,Hawaii,96720,19.705931376445395,-155.0749456700214
18800,Katy,Texas,77449,29.818196421178477,-95.73993974158839
181663,Fuquay Varina,North Carolina,27526,35.590202438024804,-78.78409930166985
55287,Yorktown,Virginia,23690,37.22630523817537,-76.52829024393269
20789,Thomasville,North Carolina,27360,35.87093067942051,-80.0903792243685
46389,Mandeville,Louisiana,70448,30.37235042286374,-90.05777892586606
32912,Moline,Illinois,61265,41.487983572432434,-90.49736889905405
31724,Georgetown,Kentucky,40324,38.22451803339513,-84.54775959867585
13218,Patchogue,New York,11772,40.76890575652637,-73.00172205581862
22827,Rowland Heights,California,91748,33.98218786966443,-117.89620121597316
54002,Prescott Valley,Arizona,86314,34.59436642835821,-112.33675811641791
45221,Fairfield,Ohio,45014,39.33121719498703,-84.54671685972343
17231,Burke,Virginia,22015,38.786844305887456,-77.27834303094943
49611,Newark,California,94560,37.534699156050955,-122.02874926496816
33117,Nicholasville,Kentucky,40356,37.89353152292627,-84.57311159815667
43490,Lindenhurst,New York,11757,40.68851687102772,-73.3737164598507
26088,New Bern,North Carolina,28560,35.09713657065089,-77.01069215869822
32923,Monrovia,California,91016,34.14171710731707,-118.00238732225608
13386,Prairieville,Louisiana,70769,30.31504106831081,-90.94852578
30583,Brentwood,Tennessee,37027,36.007698207969305,-86.7768120270366
51386,Chesterfield,Missouri,63005,38.64608931065999,-90.61839116898672
5504,Lake Oswego,Oregon,97034,45.4096848533009,-122.68523048856152
25112,Hicksville,New York,11801,40.76221187353079,-73.52305810494752
32390,Lake Mary,Florida,32746,28.766880884313725,-81.35396444575163
42608,Raeford,North Carolina,28376,34.99350618082369,-79.19185798275419
13560,Rockledge,Florida,32955,28.3061820903125,-80.72712834203125
37757,Carol Stream,Illinois,60188,41.91833743119266,-88.13672878201835
4271,Crystal Lake,Illinois,60012,42.265434855131964,-88.31158378680352
4976,Greeneville,Tennessee,37743,36.122459906716415,-82.85494350920398
31546,Fenton,Missouri,63026,38.516412077998474,-90.47221746338661
21014,Urbandale,Iowa,50322,41.628894552037806,-93.73668813786179
12413,Liverpool,New York,13088,43.10833094637698,-76.18653365127264
6251,Northville,Michigan,48167,42.43153851826763,-83.54091726823987
3319,Addison,Illinois,60101,41.9329944514247,-88.00729836485753
18320,Gonzales,Louisiana,70737,30.235803941337792,-90.9214669129097
47021,Paso Robles,California,93446,35.62733444943618,-120.67332892117727
30338,Ballwin,Missouri,63011,38.60147324831508,-90.56113720726836
39306,La Puente,California,91744,34.031988062891344,-117.94343400902395
31419,Elmont,New York,11003,40.69965834068191,-73.70488051120401
37601,Brookfield,Wisconsin,53005,43.062794537540526,-88.09782531046034
41130,Sun City,Arizona,85351,33.605447822210564,-112.28154050249488
47876,Streamwood,Illinois,60107,42.02094735716487,-88.17524641510016
54053,Rancho Palos Verdes,California,90275,33.76312994271744,-118.36369115390484
39916,Mundelein,Illinois,60060,42.271205904105265,-88.02828308694737
46704,New Berlin,Wisconsin,53146,42.97468970208111,-88.15433521472785
51302,Casselberry,Florida,32707,28.65716386885246,-81.31650010942623
11594,Germantown,Tennessee,38138,35.08893114151624,-89.78989438327316
44042,Bartlett,Illinois,60103,41.98006563282443,-88.18569736692112
41001,Spanish Fork,Utah,84660,40.11419030881119,-111.64447427874127
3820,Bristol,Tennessee,37620,36.56641422404238,-82.18613015786471
26779,Riverton,Utah,84065,40.50527062233677,-111.9572849298969
41621,West Babylon,New York,11704,40.715709994193055,-73.35686690673857
37370,Belton,Texas,76513,31.085642743183673,-97.46863010163266
17163,Brighton,Colorado,80601,39.97030191450382,-104.80209518091604
13181,Papillion,Nebraska,68046,41.150941521579306,-96.04801677821646
34718,Wentzville,Missouri,63385,38.80890015261692,-90.86482449981095
36029,Ringgold,Georgia,30736,34.914786200126905,-85.14628785050762
32703,Marion,Iowa,52302,42.044586887878786,-91.59136232966507
39769,Miamisburg,Ohio,45342,39.62779744634146,-84.25115890139372
18883,La Quinta,California,92253,33.68212910555556,-116.2793159929293
32927,Montclair,California,91763,34.074368005357144,-117.69843950684523
19811,Pacifica,California,94044,37.59964735352324,-122.47864786746626
40718,Salem,Virginia,24153,37.28882794315878,-80.06978820371621
33330,Park Ridge,Illinois,60068,42.008949539081385,-87.83672767502014
16807,Arnold,Missouri,63010,38.43146376031613,-90.37854498846845
396716,Plymouth,Michigan,48170,42.36519924859698,-83.48462632994142
22517,Ocoee,Florida,34761,28.562983565217394,-81.53510911195653
19911,Perrysburg,Ohio,43551,41.54719568852725,-83.60230700878763
39084,Hurst,Texas,76053,32.816824632859486,-97.19168357758339
4592,Englewood,Colorado,80110,39.63727404046086,-104.99438214578109
38794,Greenfield,Wisconsin,53531,43.0525631712,-89.09284422719999
26215,Northport,Alabama,35473,33.25777361025641,-87.58590237884616
18647,Huber Heights,Ohio,44814,41.32385645614035,-82.49371158070176
32789,McMinnville,Oregon,97128,45.21073795965909,-123.19278606988638
13613,Roy,Utah,84067,41.18950994172933,-112.03999705639097
30908,Claremont,California,91711,34.10698019774965,-117.72073887355837
30187,Altadena,California,91001,34.18569357113208,-118.1379933028302
15135,East Meadow,New York,11554,40.71457796265366,-73.55711447782728
16040,Sykesville,Maryland,21784,39.37455484849046,-76.96768754769597
52353,Grovetown,Georgia,30813,33.46660149839817,-82.20574236041189
53267,Menomonee Falls,Wisconsin,53051,43.14978263662008,-88.11224121073613
6746,Richfield,Minnesota,55355,45.10262467023121,-94.52929902861273
8201,Avon,Indiana,46123,39.76650780615199,-86.39301934861278
26256,Oakville,Missouri,64780,38.032275275,-93.9831856125
49000,East Stroudsburg,Pennsylvania,18301,41.0376426832853,-75.16585684927954
26965,Santa Paula,California,93060,34.351603852380954,-119.06792822222224
26716,Redmond,Oregon,97756,44.28740871652105,-121.21944880234312
14111,Temple City,California,91780,34.10142907743902,-118.05300287134146
40645,Roseville,Minnesota,56284,44.7736231557377,-95.2006839442623
46091,La Vergne,Tennessee,37086,36.01474466729412,-86.56543094282353
16908,Batavia,Ohio,45103,39.082134967321416,-84.19714119866532
14192,Troy,Ohio,45373,40.037986831658294,-84.21538549463986
21469,Cottage Grove,Minnesota,55016,44.82478255783521,-92.93867864426495
33967,Shelbyville,Tennessee,37160,35.481230048396505,-86.45976100510204
47334,Reisterstown,Maryland,21136,39.462010366164925,-76.81050723378652
42802,Pickerington,Ohio,43147,39.906026575921054,-82.76141914526316
19100,Los Gatos,California,95030,37.22739721709677,-121.98137133290322
7304,Barstow,California,92311,34.88126736638656,-117.05188538781512
12446,Lorton,Virginia,22079,38.713450575210345,-77.22095017233737
7540,Upper Arlington,Ohio,45814,40.88546745797101,-83.63078658550725
53925,Pleasant Hill,California,94523,37.97300464363757,-122.0724412763491
42925,Powell,Ohio,43065,40.16465941236111,-83.09244517861111
53969,Portage,Indiana,46368,41.57729657227102,-87.1838146323714
19230,Marysville,California,95901,39.157625614705886,-121.55937547941177
5751,Madison,Mississippi,39110,32.47581811258457,-90.12237956576455
32156,Inver Grove Heights,Minnesota,55076,44.842735740908275,-93.03666315937892
19177,Manhattan Beach,California,90266,33.88989916510234,-118.40083444685968
20425,Severn,Maryland,21144,39.12820873990895,-76.68688727465857
46194,Leawood,Kansas,66206,38.95051657729885,-94.65290817155173
8713,Flowery Branch,Georgia,30542,34.17568285653105,-83.9010494777302
41184,Tarpon Springs,Florida,34688,28.148705857857145,-82.69908237857143
11179,Durango,Colorado,81301,37.30480233953489,-107.86637859379844
41014,Spotsylvania,Virginia,22551,38.15778370218926,-77.60224660282485
54666,Tehachapi,California,93561,35.132861508333335,-118.47317579166668
12817,Montrose,Colorado,81401,38.47401084269663,-107.85991893707865
18227,Gainesville,Virginia,20155,38.79705438868181,-77.6136390463219
43098,Sylvania,Ohio,43560,41.70946374543108,-83.72848936923077
27181,South Lyon,Michigan,48178,42.45824987550296,-83.65728442816568
13578,Rome,New York,13440,43.22275153318017,-75.45125097077387
29211,Odenton,Maryland,21113,39.04899789744791,-76.71237977421875
11246,Eastpointe,Michigan,48021,42.466042446831956,-82.94656106584021
25261,Irmo,South Carolina,29063,34.11423669350649,-81.19093095746753
54056,Randallstown,Maryland,21133,39.375936190558555,-76.7996111620002
13034,North Ridgeville,Ohio,44039,41.3691093996129,-82.03072438480645
35469,Elkridge,Maryland,21075,39.196891245075385,-76.76025760363534
30331,Baldwin,New York,11510,40.6541858234112,-73.60957214107536
12614,Matthews,North Carolina,28104,35.051553489993076,-80.70016854404432
20468,Sherwood,Arkansas,72120,34.85045980424597,-92.21558494568082
397752,West Bend,Wisconsin,53090,43.44476459079903,-88.17964391767555
37206,Atascadero,California,93422,35.485038445709016,-120.67211195181481
23690,Bethel Park,Pennsylvania,15102,40.3261166511254,-80.03726613649518
48099,University Place,Washington,98467,47.20238022064129,-122.53430009038077
26438,Pearl,Mississippi,39208,32.27165676491229,-90.09887701515152
37499,Boone,North Carolina,28607,36.21042868596882,-81.66596428247958
10132,Andover,Minnesota,55304,45.24539208542154,-93.28517725989461
33155,North Huntingdon Township,Pennsylvania,16652,40.49231224646464,-78.01383206969697
4324,Deer Park,Texas,77536,29.686260863636363,-95.12075475710955
46803,North Olmsted,Ohio,44070,41.40747811182488,-81.93600606865793
53581,Niles,Illinois,60714,42.02732616733977,-87.80968623081651
16269,Waynesboro,Virginia,22980,38.0876527849158,-78.9180324587603
29105,Mebane,North Carolina,27302,36.0850085592979,-79.24402953717151
43839,Alabaster,Alabama,35007,33.23378136403509,-86.81664303192983
14382,Vestavia Hills,Alabama,35593,34.3725469,-88.05472904339622
17235,Burlingame,California,94010,37.5853519640553,-122.35875547465439
49547,Parkville,Maryland,21234,39.388229955384496,-76.5385410627268
26200,North Tonawanda,New York,14120,43.05452358907538,-78.85976504206475
36557,Westfield,Indiana,46074,40.02448440794702,-86.15365820347682
51410,Cibolo,Texas,78108,29.58357935539906,-98.23435056291079
28595,Leesburg,Florida,34748,28.78342458197474,-81.88611013138156
43815,Abingdon,Maryland,21009,39.46749018102054,-76.30087837747355
4826,Front Royal,Virginia,22630,38.957818662833034,-78.16974769933393
34613,Wadsworth,Ohio,44281,41.041888124013155,-81.73546545279605
50547,Wheat Ridge,Colorado,80033,39.77788706481481,-105.10182641111112
53676,Ocean Springs,Mississippi,39564,30.412424217359412,-88.7664977200489
32157,Inverness,Florida,34450,28.837317853139012,-82.29379671995515
46076,Kyle,Texas,78640,30.005286694097805,-97.86018844620574
7765,Warrenton,Virginia,20186,38.70441204589392,-77.81402870612328
34749,West Linn,Oregon,97068,45.365050234819385,-122.64731229078515
33935,Selma,California,93662,36.568020946153844,-119.60813841538463
398437,Zeeland,Michigan,49464,42.816388345421245,-86.01179412271063
17469,Clemmons,North Carolina,27012,36.03032199515151,-80.3863249283117
8878,Ozark,Missouri,65721,37.019266333676974,-93.21429524089348
6916,San Carlos,California,94070,37.49728716137566,-122.2651329925926
44598,Town Of Cicero,New York,13039,43.17449611296152,-76.08790979893396
47783,Southlake,Texas,76092,32.94276501704762,-97.14770917447619
5624,Liberty,Missouri,64068,39.24879253698049,-94.41921275148431
18879,La Place,Louisiana,70068,30.072073027827383,-90.48618169985119
10581,Brownstown,Michigan,49028,41.84984022526316,-85.19465256368422
24926,Granger,Indiana,46530,41.73927725175983,-86.15056601076604
23805,Brainerd,Minnesota,56401,46.354192162162164,-94.19176961126126
26158,Nixa,Missouri,65714,37.04456026122449,-93.30699720894819
38060,Cranberry Township,Pennsylvania,16066,40.69419339843562,-80.12087798098676
16309,Southgate,Michigan,48195,42.202806337299464,-83.20212876838235
40869,Shelbyville,Kentucky,40065,38.19550506394316,-85.23018970284191
10762,Centereach,New York,11720,40.86992407245334,-73.08266181047962
23523,Arroyo Grande,California,93420,35.1098359414663,-120.56199496365785
11940,Holiday,Florida,34690,28.1917844035461,-82.72843227659575
9655,Jonesborough,Tennessee,37659,36.29608455569231,-82.48691252215384
7053,Sherwood,Oregon,97140,45.35431464878519,-122.85136081232805
40979,South Lake Tahoe,California,96150,38.91580149810606,-119.97655243371213
46488,Mehlville,Missouri,64659,39.81084757037037,-93.30408551111111
32525,Litchfield Park,Arizona,85340,33.509380774062464,-112.4024880160291
46734,Newberg,Oregon,97132,45.32304163139013,-122.95442293789236
54190,Rockford,Michigan,49341,43.11600005860598,-85.53185891735419
14160,Tooele,Utah,84074,40.587814310659894,-112.30000801725889
29737,Norco,California,92860,33.92523542712879,-117.55304020105109
32970,Mount Airy,Maryland,21771,39.359995184072396,-77.13262635945702
31937,Happy Valley,Oregon,97086,45.44227389389269,-122.52758748585877
26248,Oakdale,Minnesota,56045,43.756865645,-93.197552475
26365,Palm City,Florida,34990,27.171775226768375,-80.29048589334258
46887,Olivehurst,California,95961,39.03413815185185,-121.54950945555557
10769,Central Point,Oregon,97502,42.38737230155642,-122.89971786692607
37968,Colonial Heights,Virginia,23834,37.27529180852872,-77.40363770005312
11805,Harker Heights,Texas,76548,31.067898398703402,-97.6559145382496
37738,Cantonment,Florida,32533,30.577317376504578,-87.31633406605681
54600,Sugar Hill,Georgia,30746,34.56005215641026,-85.01583356153846
42967,Stanton,California,90680,33.80213927157022,-117.99543647878131
4790,Fountain,Colorado,80817,38.71272665660377,-104.70965789056604
22544,Poulsbo,Washington,98370,47.746925861926606,-122.640104903211
16724,Allen Park,Michigan,48101,42.26006383625192,-83.21038944086021
31666,Fridley,Minnesota,56540,47.53792025,-96.279835
47889,Suisun City,California,94585,38.24779087840909,-122.00512721818183
52835,Ladera Ranch,California,92694,33.54809098587482,-117.62780808083615
25165,Holly Springs,North Carolina,27540,35.64510048470948,-78.83745908175331
395803,Town of Manlius,New York,13104,42.991411062572595,-75.96957163786294
36733,Severna Park,Maryland,21146,39.080961949639835,-76.55647138365174
40831,Sequim,Washington,98382,48.06746675043668,-123.00751498908298
27227,Springfield,Tennessee,37172,36.50677021881533,-86.87434306132404
15560,Magna,Utah,84044,40.70075230250896,-112.05999069964159
5498,Lake in the Hills,Illinois,60156,42.185134968621234,-88.3384056645008
21161,Warrensburg,Missouri,64093,38.769529499346405,-93.73344878921569
54754,Tualatin,Oregon,97062,45.37017655061023,-122.76679754427421
51718,Dickson,Tennessee,37055,36.073588496542186,-87.40197529004149
31540,Farmington,Minnesota,55024,44.66478729939229,-93.16223629024518
8587,Huntley,Illinois,60142,42.16865011,-88.42371184763158
31117,Crosby,Texas,77532,29.92065639934726,-95.07077999451697
5339,Jenison,Michigan,49428,42.90550328294243,-85.82682434072494
15449,Forest Grove,Oregon,97116,45.52859157247102,-123.11602368591939
52216,Gladstone,Missouri,64443,39.73384388923077,-94.64462129076924
40018,Niceville,Florida,32578,30.489622930830038,-86.43103941926877
31639,Franklin,North Carolina,28734,35.181201617505856,-83.38541220708431
24444,Dumfries,Virginia,22025,38.60697232073674,-77.33921602019576
43407,Maumee,Ohio,43537,41.57635623265896,-83.68476810452793
51849,Edgewater,Florida,32132,28.979409096181275,-80.9135924142397
21319,Wilmette,Illinois,60091,42.07535729693373,-87.72517808902077
6050,Morrisville,North Carolina,27560,35.87567491335878,-78.8312017629135
51550,Cornelius,North Carolina,28031,35.46393908411215,-80.87901813476635
123944,Citrus Park,Florida,32789,28.598904590580148,-81.34961935530625
25547,Lemon Grove,California,91945,32.731655038760216,-117.0342124717132
160335,Lochearn,Maryland,21627,38.24150203333333,-76.0524344
3958,Canon City,Colorado,81212,38.44328744269663,-105.23487760898877
44131,Benicia,California,94510,38.06736647801724,-122.15815221422415
7009,Selden,New York,11784,40.871552430354235,-73.04404711415697
5775,Manchester,Tennessee,37355,35.49747566775648,-86.09007243866967
10965,Cottonwood,Arizona,86326,34.899454154385964,-111.32474763859649
24634,Evergreen,Colorado,80439,39.61742715432596,-105.38507426700201
12364,Lenoir City,Tennessee,37771,35.815535047109826,-84.28474391907514
54483,South Salt Lake,Utah,84054,40.8469211765625,-111.9154971984375
18141,Forest,Virginia,24551,37.35679393918156,-79.29676373969897
30275,Ashland,Oregon,97520,42.19606211030303,-122.6999148621212
29334,Zachary,Louisiana,70791,30.64503607870968,-91.1553777195699
42657,Navarre,Florida,32566,30.416799859507524,-86.84068253466485
17049,Blacklick,Ohio,43004,40.006515659016394,-82.82261054459016
6294,Okemos,Michigan,48864,42.710113925545386,-84.41661455798733
6242,North Wales,Pennsylvania,19454,40.23446179917727,-75.23674904457741
50972,Berea,Kentucky,40403,37.58030140300429,-84.27935657124463
10661,Caledonia,Wisconsin,53108,42.8150025866242,-87.95296357515925
244024,Groveton,Virginia,24557,36.95864767702703,-79.33611918918919
30354,Batavia,Illinois,60510,41.84561190269812,-88.31862792715086
39787,Milford,Michigan,48380,42.584317676,-83.66283824666667
28195,Chambersburg,Pennsylvania,17201,39.92721358702148,-77.65360125882353
21627,Derwood,Maryland,20855,39.13196400139665,-77.14500631675978
38008,Coos Bay,Oregon,97420,43.361662864688796,-124.2194945734025
50009,Walker,Michigan,49459,43.72745835897436,-86.1005424025641
51858,El Cerrito,California,94530,37.91802950911063,-122.30945071800434
41031,Springfield,Pennsylvania,19064,39.92724769291188,-75.33635817088123
11553,Fruit Cove,Florida,32043,30.000478170364236,-81.7291906857616
31298,Eagle Mountain,Utah,84005,40.31006586731326,-112.01390508086955
18676,Imperial,Missouri,63052,38.39543680963365,-90.42685540122116
6055,Morton Grove,Illinois,60053,42.04253352316384,-87.79268377161017
7768,Washington,Illinois,61571,40.707118517194566,-89.43764233921569
7486,Tullahoma,Tennessee,37388,35.354523142480616,-86.22131028201551
28306,Cleveland,Georgia,30528,34.592668347343,-83.76030572399357
395523,Ephrata Township,Pennsylvania,17522,40.17496252451108,-76.17804069752282
5889,Mechanicsville,Maryland,20659,38.431153423408624,-76.72320891868583
53352,Mint Hill,North Carolina,28572,35.035460556321844,-77.76824802356322
7898,Wexford,Pennsylvania,15090,40.61891832288049,-80.0657752621042
9366,Seymour,Tennessee,37865,35.86787046274865,-83.75505020361663
9556,White Bear Lake,Minnesota,55309,45.35074716553945,-93.72824478760064
5104,Haymarket,Virginia,20169,38.831217060537575,-77.63884067265879
40081,North Tustin,California,92780,33.73866976102922,-117.81848995521152
40417,Portland,Tennessee,37148,36.576629952401746,-86.50647814039301
36864,Crofton,Maryland,21114,39.01364574777563,-76.67818361489361
37688,Calabasas,California,91302,34.13767724526316,-118.66988016421054
44544,Champlin,Minnesota,55316,45.180701532835826,-93.40156074701493
47198,Port Hueneme,California,93041,34.16699218181818,-119.20725362727272
6835,Rosemount,Minnesota,55068,44.735303229585156,-93.14368465919215
17788,Dixon,California,95620,38.46124194210526,-121.83037614035086
28341,Burlington,Kentucky,41005,39.019758670182554,-84.71516872413792
10734,Castaic,California,91384,34.46202303703704,-118.6216862762963
6317,Olney,Maryland,20832,39.15203239110708,-77.07024980018149
6333,Orange City,Florida,32763,28.94349372976865,-81.29883512707424
27354,Sycamore,Illinois,60178,41.988272539034206,-88.69257428933601
22195,Mooresville,Indiana,46158,39.5932224,-86.37110065616943
46285,Lockport,Illinois,60441,41.60533394066265,-88.01607214246988
31701,Gardnerville,Nevada,89410,38.927611739999996,-119.73518149333334
397269,De Witt,New York,13630,44.50050324875347,-75.30201690512465
6030,Monument,Colorado,80132,39.0872523875,-104.83560655681819
44395,Byron Center,Michigan,49315,42.83533585561497,-85.73432143832441
44861,Darien,Illinois,60561,41.74807770432331,-87.98089487706767
31695,Garden City,New York,11530,40.725824907777884,-73.64669995743822
39297,La Grange,Kentucky,40031,38.40635559770642,-85.38665040022936
23671,Benbrook,Texas,77586,29.574654163927853,-95.03321971022045
56087,Olmsted Falls,Ohio,44138,41.37370887196819,-81.93307938574269
40706,Saint Marys,Georgia,31558,30.766970477105264,-81.57215824868422
49094,Elgin,South Carolina,29045,34.14464675734463,-80.84136264152542
56232,New Brighton,Minnesota,56073,44.31133544974463,-94.46614480173646
23360,Boiling Springs,South Carolina,29316,35.03603757227961,-81.97800201954152
42716,Maryland Heights,Missouri,63043,38.72166235571406,-90.44553908343
7662,Valley Center,California,92082,33.250102079189304,-117.02994249588382
7703,Villa Park,Illinois,60181,41.87626060422833,-87.97967725327696
43207,Washougal,Washington,98671,45.594026417605455,-122.33709200732508
6485,Phelan,California,92371,34.39106384642857,-117.5281225
223245,Socastee,South Carolina,29142,33.46887917882353,-80.50248783647059
53198,Maumelle,Arkansas,72113,34.85738648829268,-92.40368939634146
20262,Royse City,Texas,75189,32.98401618870458,-96.29513727879146
51996,Farragut,Tennessee,37934,35.88241134485294,-84.15860261926471
24435,Duarte,California,91008,34.1549706,-117.9661488
25067,Havelock,North Carolina,28532,34.896301072628724,-76.89542295799458
38965,Hercules,California,94547,38.01471781546053,-122.28267200953948
56022,Jenks,Oklahoma,74037,35.99911095215947,-95.98175827995571
44549,Charles Town,West Virginia,25414,39.27712607491448,-77.86959313477766
27322,Sun City Center,Florida,33573,27.7156105349345,-82.35665986754003
37931,Clinton,Utah,84306,41.825686194117644,-112.06377885294118
34222,Syracuse,Utah,84075,41.08167190852417,-112.08048132811703
36693,Kuna,Idaho,83634,43.49806567397724,-116.40695102494617
11262,Edgewater,Maryland,21037,38.91970193821656,-76.538985670276
18919,Lake Placid,Florida,33852,27.296824268843185,-81.37330667388174
39304,La Plata,Maryland,20646,38.52768480168776,-76.98168804156118
15136,East Ridge,Tennessee,37178,36.347819172916665,-87.78180815625
34065,South Saint Paul,Minnesota,55075,44.88898369179701,-93.04747049652246
12251,Lafayette,Colorado,80026,39.997392002487565,-105.1022853838637
52767,Key West,Florida,33040,24.564071185394738,-81.77032180605264
395893,Dewitt,Michigan,48820,42.83657553723405,-84.56341247056739
43724,Pinckney,Michigan,48169,42.450988815233785,-83.91934296244344
34630,Walker,Louisiana,70785,30.513026244871796,-90.85225909358975
51023,Blairsville,Georgia,30512,34.87101443740541,-84.00040850432433
54785,Union,Kentucky,41091,38.93838879948979,-84.67339856530613
24267,Crestwood,Kentucky,40014,38.334463020077976,-85.43282575984405
6876,Sachse,Texas,75048,32.96434136120507,-96.58697147103595
42732,Pelham,Alabama,35124,33.31718923864078,-86.79411227262136
13091,Ojai,California,93023,34.4415993962963,-119.25236065925925
20894,Universal City,Texas,78148,29.542387183095723,-98.29415185234217
48883,Affton,Missouri,65606,36.6955719625,-91.4003767625
37217,Auburn,Indiana,46706,41.328591686711405,-85.05325989221477
4603,Erlanger,Kentucky,41018,39.01755305859107,-84.60134711323025
39357,Lanham Seabrook,Maryland,20706,38.965603927906976,-76.85290000912681
30522,Bonaire,Georgia,31005,32.53801008014706,-83.61140745735294
9020,Nipomo,California,93444,35.03007428825757,-120.50929849397926
53743,Oregon,Ohio,43616,41.64331931155015,-83.47522506352583
18687,Indianola,Iowa,50125,41.35879954964539,-93.57390655130024
396551,La Crescenta-Montrose,California,91214,34.23225187777778,-118.24977355185185
19107,Louisville,Colorado,80027,39.979556172561246,-105.1429336308686
54194,Rocky River,Ohio,44116,41.47066390839895,-81.849681796063
7032,Sharpsburg,Georgia,30277,33.39680615090909,-84.6685587039394
33633,Republic,Missouri,65738,37.12392712593516,-93.47627454613466
30760,Carlisle,Pennsylvania,17013,40.20081368046959,-77.19939497620064
47954,Tavares,Florida,32778,28.7895991284951,-81.73622212778272
5846,Mayfield Heights,Ohio,44137,41.41542361380597,-81.57062353152986
17184,Brook Park,Ohio,44142,41.395997535167,-81.8375533805501
36958,Pinole,California,94564,37.994857968888894,-122.28780125333333
10363,Berea,Ohio,44017,41.37591976717792,-81.85943289432515
232121,Cinco Ranch,Texas,76431,33.308903987878786,-97.82002977272728
37404,Bethany,Oklahoma,73008,35.50629115043029,-97.61424851944922
23898,Byron,Georgia,31008,32.645429977261614,-83.74648844400978
396968,Flushing,Michigan,48433,43.061439300883535,-83.84637244381526
12477,Lusby,Maryland,20657,38.363978110304025,-76.4287850979129
42569,Orinda,California,94563,37.884903474812965,-122.20043655760598
17889,East Peoria,Illinois,61611,40.68553163101852,-89.54822468958334
19827,Palmyra,Virginia,22963,37.896691749395345,-78.30325163153489
38414,Erie,Colorado,80516,40.042325136000294,-105.04191790880608
33015,Murphy,Texas,78635,30.2334401,-98.573322025
18373,Great Falls,Virginia,22066,39.00186398660126,-77.30560172049219
51492,Collinsville,Oklahoma,74021,36.34990654121622,-95.84710496013514
33400,Peyton,Colorado,80831,38.950830803797466,-104.60296946582278
20241,Rose Hill,Virginia,24281,36.67446012,-83.3663504
5013,Gulf Breeze,Florida,32561,30.35699449927711,-87.15923413052208
398149,Susquehanna Township,Pennsylvania,18847,41.94730428125,-75.6257078
7018,Sevierville,Tennessee,37862,35.81554872842466,-83.5813415902968
30145,Alamo,California,94507,37.86063553726316,-121.991263104
43964,Astoria,Oregon,97103,46.164776468506055,-123.81165593297443
397912,Butler Township,Pennsylvania,16001,40.8761060237931,-79.91913743137931
52698,Johnston,Iowa,50131,41.67415564541139,-93.72614534335443
35381,Helena,Alabama,35080,33.27868819198473,-86.85720026030535
18524,Hebron,Kentucky,41048,39.07991334278481,-84.70989503822784
11982,Hoschton,Georgia,30548,34.08433545810811,-83.78558624234235
50551,Willow Spring,North Carolina,27592,35.56337423626667,-78.68371975146667
29344,Saratoga Springs,Utah,84045,40.33702354220779,-111.90530514935064
4977,Greenfield,Indiana,46140,39.79451214695732,-85.79193362942779
4208,Cordova,Tennessee,38016,35.173200945622895,-89.78052403055555
35932,Pawleys Island,South Carolina,29585,33.45610977082294,-79.13085900723192
20367,Satellite Beach,Florida,32937,28.169297191610735,-80.59764062667784
13227,Payson,Utah,84651,40.03171741318681,-111.74241524945054
55262,Worthington,Ohio,44470,41.284912815789475,-80.95598276052631
21337,Windsor,Colorado,80550,40.47418741231884,-104.90353357246376
46783,North Canton,Ohio,44720,40.889188337200736,-81.42143538581952
53586,Nokomis,Florida,34275,27.13964829375,-82.44899846191406
14803,Cottonwood,California,96022,40.37634948214286,-122.34220848928571
11102,Destin,Florida,32541,30.39413905681342,-86.45672449916142
26113,New River,Arizona,85087,33.881486301097894,-112.15110548764868
29973,Paradise Valley,Arizona,85253,33.553272351556195,-111.9627958748415
8763,Harrison,Tennessee,37341,35.167873705038765,-85.1008543255814
35777,Moore,South Carolina,29369,34.88226818179908,-82.02086345641497
10848,Clayton,California,94517,37.944678774452555,-121.93463141386862
51464,Coatesville,Pennsylvania,19320,39.97864118456648,-75.81085725606937
31123,Crowley,Texas,76036,32.57722200600522,-97.38931621383813
36583,Red Bank,Tennessee,37150,36.53987196165803,-85.82834654300518
49236,Greenbrier,Tennessee,37073,36.425378979,-86.8060483105
30459,Big Bear City,California,92314,34.26052323333333,-116.85312653833334
32463,Lebanon,Oregon,97355,44.536469126,-122.90293543599999
33430,Pinehurst,North Carolina,28374,35.19247220441826,-79.46497507098675
28431,Kelseyville,California,95451,38.977690446666664,-122.81319076333334
31697,Gardendale,Alabama,35071,33.653360911607656,-86.84374570446896
41271,Traverse City,Michigan,49684,44.7480108012,-85.65386343048
51743,Downingtown,Pennsylvania,19335,40.00885879666027,-75.70926259554702
10934,Conshohocken,Pennsylvania,19428,40.07963915892673,-75.29619234148608
50992,Bethlehem,Georgia,30620,33.92933630190476,-83.77047600285715
18591,Hobe Sound,Florida,33455,27.080053748426153,-80.14624470653753
46137,Lakeway,Texas,78873,29.728971955128205,-99.76232102884616
112014,Gold Canyon,Arizona,85118,33.3371533605042,-111.42705372436974
47525,Saint Pete Beach,Florida,33480,26.71763742387097,-80.04542790548386
27104,Signal Mountain,Tennessee,37377,35.15358242146341,-85.3345080902439
17358,Centerton,Arkansas,72719,36.36403294055236,-94.28651995201382
13076,Oakland,Tennessee,38060,35.2222543597561,-89.5150474402439
25841,Mechanicsburg,Pennsylvania,17050,40.249944464943454,-77.0013955996769
32805,Melbourne Beach,Florida,32951,28.010475417647058,-80.53231087941177
54032,Quakertown,Pennsylvania,18951,40.444143185602094,-75.3597691065445
51528,Conover,North Carolina,28613,35.73207570930521,-81.2177079114144
32956,Morrisville,Pennsylvania,19067,40.22378637605714,-74.82143053222858
55079,Wellington,Colorado,80549,40.708293916279075,-105.00208217906977
6847,Rotonda West,Florida,33947,26.896108373636366,-82.27372100545455
19446,Monticello,Minnesota,55362,45.29350423100189,-93.82348969565217
37716,Camp Hill,Pennsylvania,17011,40.238079002503476,-76.92932954673157
18162,Fort Myers Beach,Florida,33931,26.449808189578164,-81.9336836674938
56223,Red Lion,Pennsylvania,17356,39.90320930193776,-76.60725434483264
12114,Jefferson,Georgia,30549,34.109997479190746,-83.57920831791908
45253,Feasterville Trevose,Pennsylvania,19053,40.14519387513322,-74.97865522166963
50716,Ambler,Pennsylvania,19002,40.17334611496599,-75.21320614489797
18759,Johnstown,Colorado,80534,40.36026968648649,-104.94166823333333
396880,Hutchinson Island South,Florida,32003,30.10573858571429,-81.71727049650146
21446,Coraopolis,Pennsylvania,15108,40.50629846373463,-80.15199120426028
24162,Collegeville,Pennsylvania,19426,40.17769194701789,-75.45123264065606
15959,Sanibel,Florida,33957,26.44654020919881,-82.0821194537092
26869,Royersford,Pennsylvania,19468,40.206896711127165,-75.52954852875723
36173,Miramar Beach,Florida,32550,30.384095395366675,-86.34967973278613
21021,Vail,Arizona,85641,31.955138801785715,-110.7627458267857
25643,Longboat Key,Florida,34228,27.38992904,-82.63953803619047
48710,Arnold,California,95223,38.25726008678032,-120.32870078225264
